stratum,celltype,scz_mean,ctrl_mean,diff_mean,log2_ratio,n_scz,n_ctrl,U_stat,pval_nominal,pval_fdr_global,pval_fdr_stratum
L4,Sst Chodl_2,0.00217689194361895,0.005080299184779666,-0.002903407241160716,-1.2222650355839653,12,12,9.0,0.0003080447056277469,0.07856931452865154,0.031420559974030184
L2/3,Oligo_2,0.0003879907189207583,0.00013335382976332045,0.00025463688915743787,1.533698287767143,12,12,134.0,0.0003842020270349709,0.07856931452865154,0.03534658648721732
L6,Pvalb_13,0.00016170552017799177,0.0005426709506306084,-0.0003809654304526166,-1.740470545508092,12,12,16.5,0.0014608406800602483,0.14237493383950098,0.15630995276644657
L4,Sst_11,0.007806670891595452,0.004944388568935067,0.0028622823226603852,0.6588083609675511,12,12,127.0,0.0016520394562341645,0.14237493383950098,0.08284898350562649
L2/3,Sst Chodl_2,0.004080521200187275,0.007477362210156993,-0.003396841009969718,-0.8736153980328277,12,12,18.0,0.0020095048556600134,0.14237493383950098,0.0903331486163448
L5,Sst Chodl_2,0.0010771001630092085,0.0019054891703925003,-0.0008283890073832918,-0.8224271152843019,12,12,19.0,0.002436734808989014,0.14237493383950098,0.20923184878120318
L4,Pvalb_5,0.0033817267660084666,0.005481466199169734,-0.002099739433161267,-0.6966383617321966,12,12,19.0,0.002436734808989014,0.14237493383950098,0.08284898350562649
L2/3,Endo_2,0.03579081087555152,0.046190867250250935,-0.010400056374699415,-0.3680093282560022,12,12,20.0,0.0029456461505329825,0.15059615944599872,0.0903331486163448
L4,L2/3 IT_8,0.024133829764269626,0.03842611486740282,-0.014292285103133195,-0.6710080112650106,12,12,21.0,0.003549838634913564,0.16017105775443516,0.0868343922249234
L6,L4 IT_2,0.003379362663261392,0.006127059398193783,-0.0027476967349323914,-0.8582522463202519,12,12,22.0,0.004264764914030537,0.16017105775443516,0.21752907154664566
L4,Vip_12,0.000326561951542725,0.00070926444449635,-0.00038270249295362503,-1.116588478222657,12,12,23.0,0.00509827779407119,0.16017105775443516,0.0868343922249234
L5,Oligo_1,0.006105082381217767,0.002917472271165367,0.0031876101100524,1.065033693006815,12,12,121.0,0.005107905424995494,0.16017105775443516,0.20923184878120318
L4,L6b_1,0.013155732465245117,0.008248884398465117,0.00490684806678,0.6733554247954632,12,12,121.0,0.005107905424995494,0.16017105775443516,0.0868343922249234
L5,Chandelier_2,0.013045521971582352,0.017536479053798924,-0.004490957082216572,-0.4267761259057901,12,12,24.0,0.006098945931214364,0.16017105775443516,0.20923184878120318
L6,Oligo_1,0.01961677914412047,0.010533416661879784,0.009083362482240686,0.8970513008146891,12,12,120.0,0.006098945931214364,0.16017105775443516,0.21752907154664566
L2/3,L6b_1,0.005608988422158942,0.0035436072409865834,0.0020653811811723586,0.662372014435031,12,12,119.0,0.007259954988190576,0.16017105775443516,0.13210522448858059
L4,L4 IT_1,0.012781171201320619,0.008252792549561976,0.004528378651758643,0.6310038324482646,12,12,119.0,0.007259954988190576,0.16017105775443516,0.0976429920132987
L2/3,Oligo_4,0.027543750359464145,0.040817900432585034,-0.01327415007312089,-0.5674599323155121,12,12,25.0,0.007259954988190576,0.16017105775443516,0.13210522448858059
L2/3,L4 IT_1,0.001042396250343842,0.0005558359529950584,0.00048656029734878354,0.9059628846737944,12,12,118.0,0.008615558118820473,0.16017105775443516,0.13210522448858059
L5,Sst_11,0.004621977302841442,0.003303403489342924,0.001318573813498518,0.48443241943452703,12,12,118.0,0.008615558118820473,0.16017105775443516,0.20923184878120318
L4,Oligo_1,0.0027846207790552077,0.0016020872312586748,0.001182533547796533,0.7971459385595001,12,12,118.0,0.008615558118820473,0.16017105775443516,0.0976429920132987
L4,Oligo_4,0.07830016027252491,0.10930790724880389,-0.031007746976278977,-0.4813053758581642,12,12,26.0,0.008615558118820473,0.16017105775443516,0.0976429920132987
L6,Oligo_2,0.012325895882867532,0.0024886075567186,0.009837288326148932,2.3078193013247943,12,12,117.0,0.01019310499110825,0.17370749755680312,0.2196035172704812
L4,L2/3 IT_2,0.006903672946972034,0.009742582325049641,-0.002838909378077607,-0.4968792109398888,12,12,27.0,0.01019310499110825,0.17370749755680312,0.10219401596474825
L4,Vip_4,0.000264400309092775,0.0004918617730208166,-0.00022746146392804164,-0.8930130371930364,12,12,28.0,0.012004234591850719,0.18912829198905898,0.10219401596474825
L4,L6b_2,0.0021149159601966078,0.0011604452820935082,0.0009544706781030995,0.8653611401005525,12,12,116.0,0.01202282540761744,0.18912829198905898,0.10219401596474825
L5,Oligo_2,0.003454190944802833,0.0005249999088997752,0.0029291910359030577,2.71563098595363,12,12,115.0,0.014117006113376322,0.1927476502489266,0.20923184878120318
L5,L6b_2,0.007477048135052616,0.004154953219452434,0.003322094915600182,0.8474823426703392,12,12,115.0,0.014137969455911488,0.1927476502489266,0.20923184878120318
L6,VLMC_1,0.027648559803351375,0.0121064232108622,0.015542136592489174,1.191364659184161,12,12,115.0,0.014137969455911488,0.1927476502489266,0.2196035172704812
L6,Sst_7,0.0010280045140356334,0.0016471268776955832,-0.0006191223636599498,-0.6795779986813296,12,12,29.0,0.014137969455911488,0.1927476502489266,0.2196035172704812
L5,Sst_5,0.0011894535540725832,0.0007561221005573583,0.00043333145351522496,0.6529134479788201,12,12,114.0,0.01657492674985327,0.209796776485236,0.20923184878120318
L6,Astro_2,0.016252415699051642,0.0318126831499996,-0.015560267450947955,-0.9689044697260633,12,12,30.0,0.01657492674985327,0.209796776485236,0.2196035172704812
L5,Vip_12,0.00012995100082252974,0.00024521586584119997,-0.00011526486501867023,-0.910896644421941,12,12,31.0,0.019110501783710414,0.209796776485236,0.20923184878120318
L2/3,L2/3 IT_8,0.03830360765824273,0.05727257623953674,-0.018968968581294016,-0.5803517458428071,12,12,31.0,0.019373319331592885,0.209796776485236,0.2546207683580779
L5,Astro_4,0.037682435126926844,0.021606859910023587,0.016075575216903257,0.8023742918048277,12,12,113.0,0.019373319331592885,0.209796776485236,0.20923184878120318
L5,VLMC_1,0.016390586077718653,0.009566464052210824,0.006824122025507829,0.7767469784299201,12,12,113.0,0.019373319331592885,0.209796776485236,0.20923184878120318
L6,Sst_20,5.734658813276372e-05,6.4734975012299644e-06,5.087309063153376e-05,2.964792826573555,12,12,105.0,0.019492121042638064,0.209796776485236,0.2196035172704812
L4,Astro_1,0.00012536302324410832,8.732404205525e-06,0.00011663061903858332,3.698634309534815,12,12,105.0,0.019492121042638064,0.209796776485236,0.15293818048839097
L2/3,L6b_2,0.0010915533219206834,0.0005815075624648417,0.0005100457594558416,0.9073550070460555,12,12,112.0,0.02257606252313358,0.21984784695146747,0.2596247190160362
L6,L6 CT_3,0.00992524213311731,0.015826884778543025,-0.005901642645425715,-0.6731489159766344,12,12,32.0,0.02257606252313358,0.21984784695146747,0.2196035172704812
L6,Sst Chodl_2,0.0012146913339622,0.0021188499943121,-0.0009041586603498999,-0.8021852072046861,12,12,32.0,0.02257606252313358,0.21984784695146747,0.2196035172704812
L6,Endo_2,0.044697723288606966,0.05577683452171953,-0.011079111233112567,-0.31945830041792955,12,12,32.0,0.02257606252313358,0.21984784695146747,0.2196035172704812
L2/3,Chandelier_2,0.008390792917084807,0.011243492846903867,-0.0028526999298190605,-0.42216761132560154,12,12,33.0,0.02622938783485701,0.23839599165458927,0.2681226312007605
L6,L5 ET_2,0.004477444681567857,0.0063202341867369255,-0.001842789505169068,-0.49720847839258925,12,12,33.0,0.02622938783485701,0.23839599165458927,0.23221156796384246
L4,Chandelier_2,0.014688477224609675,0.018291657887301832,-0.0036031806626921573,-0.3164816575154025,12,12,33.0,0.02622938783485701,0.23839599165458927,0.1910998256539582
L6,L2/3 IT_2,0.009702215500014166,0.012765590486492557,-0.003063374986478391,-0.3958384635420327,12,12,34.0,0.030382821976577514,0.24847732374529927,0.23221156796384246
L2/3,Sst_11,0.016035754810827366,0.012702351799542632,0.003333403011284734,0.3361730237244976,12,12,110.0,0.030382821976577514,0.24847732374529927,0.27952196218451314
L6,Astro_4,0.05514514534787715,0.03932568554831211,0.01581945979956504,0.48775144550055943,12,12,110.0,0.030382821976577514,0.24847732374529927,0.23221156796384246
L4,Endo_2,0.05300793709146819,0.06254792018759993,-0.009539983096131736,-0.23874936595488494,12,12,34.0,0.030382821976577514,0.24847732374529927,0.2066031894407271
L5,L6b_1,0.021707017330089434,0.01473199211242139,0.006975025217668044,0.5591775095414837,12,12,110.0,0.030382821976577514,0.24847732374529927,0.2788535246921574
L5,Astro_3,0.0014020061761847917,0.00018045632722442305,0.0012215498489603687,2.9508270915420924,12,12,108.5,0.030983724965795264,0.24847732374529927,0.2788535246921574
L6,L5/6 NP_3,0.010292823169203975,0.0134243291514503,-0.0031315059822463256,-0.38317855472019213,12,12,35.0,0.035089116094047856,0.2707820468389731,0.25030236147087476
L2/3,Vip_13,0.00030065174976968333,0.0005014539457329322,-0.00020080219596324886,-0.7361074158972527,12,12,35.0,0.035089116094047856,0.2707820468389731,0.2934726073320366
L6,Sst_9,3.368748038270856e-05,0.00016575330566825,-0.00013206582528554143,-2.2652284056978047,12,12,39.5,0.039132554589600035,0.2899172791505876,0.25430828211411394
L6,L6b_2,0.02054756793782112,0.015777520857553476,0.004770047080267643,0.3810758860983366,12,12,108.0,0.04040411958822371,0.2899172791505876,0.25430828211411394
L5,Pvalb_8,0.023442541463023547,0.020242124715929215,0.003200416747094332,0.2117585240451076,12,12,108.0,0.04040411958822371,0.2899172791505876,0.30897787234527646
L5,Endo_2,0.04748566220830755,0.05647294009494854,-0.008987277886640992,-0.2500629352003641,12,12,36.0,0.04040411958822371,0.2899172791505876,0.30897787234527646
L5,L6b_5,9.80172506141155e-05,2.2746673810381394e-05,7.52705768037341e-05,2.0599544411989275,12,12,103.0,0.0429135933812884,0.3026148222921889,0.30897787234527646
L4,Pvalb_14,0.0026008881437050665,0.0019181565358959163,0.0006827316078091502,0.439086551632819,12,12,107.0,0.04638659328139865,0.3110183057720008,0.27831955968839195
L4,Astro_4,0.035207075335867706,0.019118227938428472,0.016088847397439234,0.8808820974093872,12,12,107.0,0.04638659328139865,0.3110183057720008,0.27831955968839195
L2/3,Lamp5_2,0.0027870562061849,0.002067744992040233,0.0007193112141446667,0.4305038262110192,12,12,107.0,0.04638659328139865,0.3110183057720008,0.3452435916723879
L6,Pvalb_10,6.459283222851597e-05,1.7979144192733334e-05,4.6613688035782634e-05,1.7891232305883666,12,12,100.0,0.04808673706272901,0.31721734610735747,0.2858489369840002
L4,Endo_1,0.14159906153061952,0.12155420375334834,0.020044857777271177,0.2202102361594264,12,12,106.0,0.053097957285583426,0.32904643226975183,0.30088842461830606
L5,Astro_2,0.03197695173811163,0.04829293361204001,-0.01631598187392838,-0.5947644441148737,12,12,38.0,0.053097957285583426,0.32904643226975183,0.3238325217659929
L2/3,Sst_2,0.0004172123256209832,0.000692378288662025,-0.00027516596304104173,-0.7294070811099617,12,12,38.0,0.053097957285583426,0.32904643226975183,0.3452435916723879
L2/3,Pvalb_14,0.002580019883303992,0.0017103493989156166,0.0008696704843883752,0.5928069167094573,12,12,106.0,0.053097957285583426,0.32904643226975183,0.3452435916723879
L5,Sst_19,0.0008241834465196916,0.0013617587864929168,-0.0005375753399732252,-0.7237434365716403,12,12,39.0,0.06060196971200612,0.33475384652482554,0.3238325217659929
L5,L2/3 IT_7,0.0029797412976849172,0.0017672009439890746,0.0012125403536958426,0.7533889309241598,12,12,105.0,0.06060196971200612,0.33475384652482554,0.3238325217659929
L4,Pax6_2,0.0002559506551130417,0.00041044967130975004,-0.00015449901619670836,-0.6792246400018113,12,12,39.0,0.06060196971200612,0.33475384652482554,0.3162005535376095
L5,Sst_20,0.0009791978961602582,0.000637552828423325,0.00034164506773693315,0.6182670690665681,12,12,105.0,0.06060196971200612,0.33475384652482554,0.3238325217659929
L5,Vip_21,0.040740651190016366,0.03461944739848726,0.006121203791529105,0.23488008276331657,12,12,105.0,0.06060196971200612,0.33475384652482554,0.3238325217659929
L6,Sst Chodl_1,0.000729066388103225,0.0005134767603196417,0.00021558962778358334,0.5049217505648137,12,12,105.0,0.06060196971200612,0.33475384652482554,0.3267265537973636
L6,L6b_1,0.03823377524786589,0.030741062720098772,0.00749271252776712,0.3146714239179393,12,12,104.0,0.06896433333905405,0.33475384652482554,0.3267265537973636
L5,L2/3 IT_3,0.0056060596301831835,0.007175938811487908,-0.0015698791813047244,-0.356124208043021,12,12,40.0,0.06896433333905405,0.33475384652482554,0.3238325217659929
L6,L2/3 IT_7,0.007418960284679634,0.004800228043514759,0.002618732241164875,0.6280080036588976,12,12,104.0,0.06896433333905405,0.33475384652482554,0.3267265537973636
L4,L5 IT_6,0.0018357506783675582,0.0010125519845675089,0.0008231986938000493,0.85773572165425,12,12,104.0,0.06896433333905405,0.33475384652482554,0.3162005535376095
L5,Oligo_4,0.1380234302498827,0.1691003766078489,-0.031076946357966206,-0.2929647585286829,12,12,40.0,0.06896433333905405,0.33475384652482554,0.3238325217659929
L2/3,L2/3 IT_7,0.18267344490754392,0.1569829305767034,0.02569051433084052,0.2186579360624211,12,12,104.0,0.06896433333905405,0.33475384652482554,0.3452435916723879
L2/3,Pvalb_5,0.0049308325098712915,0.006286773498169832,-0.0013559409882985402,-0.35042544377536633,12,12,40.0,0.06896433333905405,0.33475384652482554,0.3452435916723879
L2/3,OPC_1,0.0007708991158654751,0.0009808614922828752,-0.00020996237641740013,-0.3471072176939074,12,12,40.0,0.06896433333905405,0.33475384652482554,0.3452435916723879
L6,L2/3 IT_12,0.0144662512916307,0.009535906092530617,0.004930345199100083,0.601197626234778,12,12,104.0,0.06896433333905405,0.33475384652482554,0.3267265537973636
L4,Micro-PVM_2,0.027392894953265884,0.03827659101090306,-0.010883696057637178,-0.4826456293762312,12,12,40.0,0.06896433333905405,0.33475384652482554,0.3162005535376095
L4,Oligo_2,0.0009363606170338999,0.0002367546533240595,0.0006996059637098404,1.9791306038991099,12,12,104.0,0.06896433333905405,0.33475384652482554,0.3162005535376095
L5,Lamp5_2,0.00500130383308415,0.006151282890329709,-0.0011499790572455596,-0.29852915440268524,12,12,40.0,0.06896433333905405,0.33475384652482554,0.3238325217659929
L4,L6b_3,0.0002346923267847417,0.00014744020587074567,8.725212091399603e-05,0.6670228838620089,12,12,103.5,0.0713001248173041,0.33475384652482554,0.3162005535376095
L4,Pvalb_3,0.00016337483824484166,0.00041238643630320124,-0.0002490115980583596,-1.330501578309996,12,12,41.0,0.07462616682728503,0.33475384652482554,0.31716120901596134
L2/3,L2/3 IT_5,0.0007935450577417335,0.0004571534176845049,0.0003363916400572286,0.7942982540347545,12,12,103.0,0.07825222852623706,0.33475384652482554,0.3452435916723879
L2/3,L2/3 IT_2,0.01335396691455845,0.017507259708321225,-0.004153292793762775,-0.3906592875668608,12,12,41.0,0.07825222852623706,0.33475384652482554,0.3452435916723879
L6,L6b_4,0.0008359290046773335,0.0005305625852295416,0.0003053664194477919,0.6548656844038563,12,12,103.0,0.07825222852623706,0.33475384652482554,0.3267265537973636
L6,Sst_11,0.0021426804137004503,0.0015718585146796,0.0005708218990208504,0.4467009404983742,12,12,103.0,0.07825222852623706,0.33475384652482554,0.3267265537973636
L5,Sst_1,0.0002721159485353235,0.0004671075179731167,-0.0001949915694377932,-0.777326373063455,12,12,41.0,0.07825222852623706,0.33475384652482554,0.340440202570859
L6,Sncg_6,0.0001160260148814,4.637308974703334e-05,6.965292513436667e-05,1.304689601619137,12,12,99.0,0.07857152293353502,0.33475384652482554,0.3267265537973636
L4,L6b_5,3.9551959078683335e-05,0.0,3.9551959078683335e-05,5.341699708092649,12,12,90.0,0.0788056024469581,0.33475384652482554,0.32152685798358904
L2/3,L5 IT_2,2.3997548044367155e-05,0.0,2.3997548044367155e-05,4.643714685866106,12,12,90.0,0.0788056024469581,0.33475384652482554,0.3452435916723879
L5,Vip_13,0.0,3.172756208752278e-05,-3.172756208752278e-05,-5.032434233315365,12,12,54.0,0.0788056024469581,0.33475384652482554,0.340440202570859
L2/3,L6b_6,4.048657782059882e-05,0.0,4.048657782059882e-05,5.3745727507742975,12,12,90.0,0.0788056024469581,0.33475384652482554,0.3452435916723879
L6,L5/6 NP_2,2.1497275091358334e-05,0.00011733057800807996,-9.583330291672163e-05,-2.3950007557281072,12,12,46.0,0.07939149905356499,0.33475384652482554,0.3267265537973636
L6,Astro_3,0.005107813917564675,0.001557475268094725,0.00355033864946995,1.7128531276632566,12,12,102.5,0.08319748174071813,0.34722214318320116,0.32970853875025335
L6,Pvalb_6,0.005070225421482233,0.006395451370176408,-0.0013252259486941746,-0.3349373420275465,12,12,42.0,0.08853377201422956,0.3621031275381989,0.3383254859115201
L2/3,Pvalb_2,0.0021679092021614998,0.0015433660311996416,0.0006245431709618581,0.48995493097928283,12,12,102.0,0.08853377201422956,0.3621031275381989,0.3702321375140509
L4,Astro_2,0.041288879446677834,0.059117742911227206,-0.01782886346454937,-0.5178273863306684,12,12,43.0,0.09987740276926413,0.38904626412027643,0.3773146326838867
L2/3,Astro_2,0.029765263572183634,0.041024194038903825,-0.01125893046672019,-0.4628320195478254,12,12,43.0,0.09987740276926413,0.38904626412027643,0.3828633772821792
L6,L5 IT_2,0.007823589037776734,0.009776917607251235,-0.0019533285694745012,-0.32151226769505376,12,12,43.0,0.09987740276926413,0.38904626412027643,0.36397022315232597
L4,Vip_21,0.05248778213007632,0.046607827558148525,0.0058799545719277965,0.17140590139525416,12,12,101.0,0.09987740276926413,0.38904626412027643,0.3773146326838867
L2/3,Oligo_1,0.0013575463878320168,0.00094499589602425,0.00041255049180776674,0.5221579975998337,12,12,101.0,0.09987740276926413,0.38904626412027643,0.3828633772821792
L6,L5 ET_1,0.00010153974568115021,4.643561035099663e-05,5.5104135330153584e-05,1.1121408092200147,12,12,99.0,0.10204772611747456,0.3937501885098783,0.36397022315232597
L4,Endo_3,5.132996848476666e-05,1.5601585942160255e-05,3.5728382542606405e-05,1.6563163219287678,12,12,95.0,0.10583099775062116,0.4045315708411594,0.38552720609154845
L5,Vip_4,7.685992723437139e-05,0.00014152196457981408,-6.46620373454427e-05,-0.8722313739093531,12,12,44.0,0.1079661679708755,0.40887187685266746,0.44847485157132905
L6,Pax6_1,0.0009408558636641084,0.0006377261636192251,0.00030312970004488335,0.5603087471141853,12,12,100.0,0.11235119769046394,0.4139787374360338,0.38779284364127875
L5,L4 IT_1,0.09422018044386654,0.08284612345445418,0.011374056989412365,0.18559980051134697,12,12,100.0,0.11235119769046394,0.4139787374360338,0.44940479076185574
L4,Lamp5_3,0.0018399810341587748,0.0023806638986336665,-0.0005406828644748916,-0.3714950697851706,12,12,44.0,0.11235119769046394,0.4139787374360338,0.39516628153197664
L2/3,Lamp5_6,7.158203864580436e-05,2.0924005179247163e-05,5.0658033466557205e-05,1.7271011984231843,12,12,96.0,0.1187837091450606,0.4337726521458017,0.43712404965382307
L6,Oligo_3,0.00424338463610165,0.000601409634059,0.00364197500204265,2.8167386549268056,12,12,99.0,0.12313340352663012,0.4405388701203641,0.4117273180421695
L2/3,Micro-PVM_1,0.002386761478099592,0.003983340524264033,-0.0015965790461644415,-0.7386822256352349,12,12,45.0,0.12602212177037309,0.4405388701203641,0.44592443087978173
L4,L4 IT_3,0.0008375026360804582,0.00049221782125125,0.0003452848148292082,0.765590390302609,12,12,99.0,0.12602212177037309,0.4405388701203641,0.41476830937478737
L5,Chandelier_1,0.00045038292761440026,0.0007029297420543332,-0.0002525468144399329,-0.6410795899102498,12,12,45.0,0.12602212177037309,0.4405388701203641,0.4693237638344928
L5,Pax6_1,0.0014875951104972333,0.0010824501600369834,0.00040514495046024986,0.4583186130203643,12,12,99.0,0.12602212177037309,0.4405388701203641,0.4693237638344928
L2/3,Sst Chodl_1,6.931324987357816e-05,4.675606426153472e-06,6.46376434474247e-05,3.6309501227212473,12,12,91.0,0.1325829823180956,0.4556843677991689,0.4517642360468442
L5,L6b_4,7.881120382508963e-05,8.022849074163216e-06,7.078835475092642e-05,3.144936325888441,12,12,91.0,0.1325829823180956,0.4556843677991689,0.47729873634514414
L6,L4 IT_3,0.0001608322299703262,6.370789594812162e-05,9.712433402220458e-05,1.3224852865421082,12,12,97.0,0.13690021981594672,0.46120547704038334,0.44359436613081604
L4,Vip_6,2.0631587784316665e-05,6.16999648667934e-05,-4.106837708247674e-05,-1.5353250699084777,12,12,50.0,0.13912568918568166,0.46120547704038334,0.41476830937478737
L4,L5 IT_2,0.00024228736901643332,0.00011622450009701877,0.00012606286891941453,1.05338729372924,12,12,98.0,0.1392241769628668,0.46120547704038334,0.41476830937478737
L5,Lamp5_Lhx6_1,0.0016453159157805836,0.001998696996116858,-0.0003533810803362746,-0.28054020756760395,12,12,46.0,0.14095521914437145,0.46120547704038334,0.4831132565949575
L6,L6 IT_2,0.08218698686368323,0.09668897645993003,-0.014501989596246809,-0.23443880235325845,12,12,46.0,0.14095521914437145,0.46120547704038334,0.44359436613081604
L4,VLMC_1,0.030335103647690233,0.017217630475017433,0.0131174731726728,0.8170653994385564,12,12,98.0,0.14095521914437145,0.46120547704038334,0.41476830937478737
L5,Lamp5_5,0.00044963651860058327,0.00031635533612333337,0.0001332811824772499,0.5058651303678787,12,12,97.0,0.15712252158396303,0.47542557882165576,0.4831132565949575
L6,L6 CT_1,0.0004744103045185417,0.00030243590273745,0.00017197440178109172,0.6477813777154067,12,12,97.0,0.1572127533400038,0.47542557882165576,0.454642286685957
L4,VLMC_2,0.057179627447841025,0.0501562595363795,0.007023367911461527,0.18906792572217207,12,12,97.0,0.1572127533400038,0.47542557882165576,0.41476830937478737
L5,Sst_2,0.001025245562213975,0.0012959890740229252,-0.0002707435118089502,-0.33779034283963866,12,12,47.0,0.1572127533400038,0.47542557882165576,0.4831132565949575
L2/3,Pvalb_8,0.026709860297206536,0.023874172893060628,0.0028356874041459076,0.16191526218675903,12,12,97.0,0.1572127533400038,0.47542557882165576,0.5165561895457268
L6,Sst_10,0.008923761582799191,0.011006375376335559,-0.0020826137935363673,-0.3025849759823244,12,12,47.0,0.1572127533400038,0.47542557882165576,0.454642286685957
L5,L4 IT_3,0.001543735866010992,0.0010063930136528583,0.0005373428523581336,0.6167335422194783,12,12,97.0,0.1572127533400038,0.47542557882165576,0.4831132565949575
L4,Pvalb_8,0.024322367673373826,0.021238182119882803,0.0030841855534910236,0.19561477805931826,12,12,97.0,0.1572127533400038,0.47542557882165576,0.41476830937478737
L5,Micro-PVM_2,0.02401897923740542,0.03109926506509095,-0.00708028582768553,-0.3726919723885761,12,12,47.0,0.1572127533400038,0.47542557882165576,0.4831132565949575
L6,Astro_5,0.014542449579184852,0.019186600107488582,-0.00464415052830373,-0.3998047729703242,12,12,47.0,0.1572127533400038,0.47542557882165576,0.454642286685957
L5,Sst_25,1.5295725021131807e-05,4.899420122173156e-05,-3.369847620059975e-05,-1.6172672266508374,12,12,52.0,0.16103775219831917,0.47542557882165576,0.4831132565949575
L4,Vip_13,5.731921633285e-05,0.00013248335698738732,-7.516414065453732e-05,-1.194616635955976,12,12,49.0,0.16507222541225253,0.47542557882165576,0.41476830937478737
L4,Pvalb_13,0.0,1.6955825312167883e-05,-1.6955825312167883e-05,-4.166380060694591,12,12,60.0,0.16622459112835397,0.47542557882165576,0.41476830937478737
L2/3,Sst_7,0.0,1.415535391050387e-05,-1.415535391050387e-05,-3.9217556374726312,12,12,60.0,0.16622459112835397,0.47542557882165576,0.5273331856485712
L4,L5/6 NP_4,0.0,1.7729740993833332e-05,-1.7729740993833332e-05,-4.227259044148201,12,12,60.0,0.16622459112835397,0.47542557882165576,0.41476830937478737
L4,Vip_11,3.260159889950833e-05,0.0,3.260159889950833e-05,5.070457978769643,12,12,84.0,0.16622459112835397,0.47542557882165576,0.41476830937478737
L4,L6b_4,3.312378231845e-05,0.0,3.312378231845e-05,5.0927056603490914,12,12,84.0,0.16622459112835397,0.47542557882165576,0.41476830937478737
L5,L6 CT_4,0.0,1.3165849554135523e-05,-1.3165849554135523e-05,-3.8243452204851454,12,12,60.0,0.16622459112835397,0.47542557882165576,0.48420915755065674
L4,Sst_19,9.802547773305e-05,0.0001915655583389131,-9.354008060586309e-05,-0.9594780291068243,12,12,48.5,0.16812201477190458,0.47676668346237805,0.41476830937478737
L6,Sst_19,5.681026104677034e-05,0.00017445596530732996,-0.00011764570426055961,-1.6017115065130747,12,12,49.0,0.17193556541463395,0.47676668346237805,0.4797257394251877
L4,Astro_3,0.0005228191968935917,7.715850983492217e-05,0.0004456606870586695,2.744594066105056,12,12,95.0,0.17193556541463395,0.47676668346237805,0.41476830937478737
L6,OPC_1,0.012417778418333676,0.005538265843895833,0.006879512574437843,1.1647565848550443,12,12,96.0,0.1748533068932927,0.47676668346237805,0.4797257394251877
L4,L4 IT_2,0.0066632368355703095,0.005881466484427458,0.0007817703511428511,0.18001847686278963,12,12,96.0,0.1748533068932927,0.47676668346237805,0.41476830937478737
L5,VLMC_2,0.03919431630694318,0.03573513903438784,0.00345917727255534,0.1332974953138787,12,12,96.0,0.1748533068932927,0.47676668346237805,0.48420915755065674
L5,L2/3 IT_12,0.021129911071316645,0.017509813791194036,0.0036200972801226083,0.27110883862135904,12,12,96.0,0.1748533068932927,0.47676668346237805,0.48420915755065674
L4,Sncg_6,0.00020590667560194998,0.00012528292657194566,8.062374903000433e-05,0.7123205926072896,12,12,95.0,0.1821014552397553,0.49324169002026436,0.42214428260125086
L5,Pax6_3,0.00011974790134300778,0.00019308281856333115,-7.333491722032337e-05,-0.6846742926886311,12,12,49.0,0.19052203880924612,0.5052083986210572,0.510842245036594
L6,Vip_9,0.0001743840858470074,0.00022569010221859165,-5.130601637158425e-05,-0.37020355604993255,12,12,49.0,0.1919871182471259,0.5052083986210572,0.48257212079576617
L6,L6 CT_4,0.00020781044772889097,0.0003569706616041583,-0.00014916021387526734,-0.7776474543376187,12,12,49.0,0.1935429914223199,0.5052083986210572,0.48257212079576617
L6,Chandelier_2,0.008003631141007592,0.010237256138626983,-0.0022336249976193916,-0.3550631759559869,12,12,49.0,0.1939308522824107,0.5052083986210572,0.48257212079576617
L6,Vip_19,0.0007221627026735416,0.0009087685975406415,-0.00018660589486709997,-0.3311793657652237,12,12,49.0,0.1939308522824107,0.5052083986210572,0.48257212079576617
L5,L5 ET_2,0.0062397586157247826,0.006857941464484766,-0.0006181828487599834,-0.136264532248021,12,12,49.0,0.1939308522824107,0.5052083986210572,0.510842245036594
L5,Oligo_3,0.001046742296661521,0.0001432604546070524,0.0009034818420544685,2.860536133948616,12,12,94.0,0.20230579316617758,0.5127073226877135,0.5147851386804418
L5,L6 IT_1,6.689464376794203e-05,2.8064410244050002e-05,3.883023352389203e-05,1.224044129600461,12,12,90.0,0.2084506871695786,0.5127073226877135,0.5147851386804418
L6,Vip_1,5.875970293292936e-05,2.4398499293729966e-05,3.4361203639199394e-05,1.2344297206318182,12,12,90.0,0.2084506871695786,0.5127073226877135,0.49893124853992105
L4,Oligo_3,0.0002719023378965,4.640566325450608e-05,0.0002254966746419939,2.5252534297518245,12,12,92.0,0.20874898315922874,0.5127073226877135,0.4679257800152549
L6,L5 IT_3,0.00039582165154053434,0.00027244488138484173,0.0001233767701556926,0.5372406882318357,12,12,94.0,0.21098667116526582,0.5127073226877135,0.49893124853992105
L2/3,Sst_3,0.00022300141632754973,0.0003426653697123333,-0.00011966395338478358,-0.6174966280568702,12,12,50.0,0.21439414311243332,0.5127073226877135,0.5648380589565271
L2/3,Sst_20,0.0023026439844632167,0.002783472733075908,-0.00048082874861269135,-0.2734863917207432,12,12,50.0,0.21449380778351745,0.5127073226877135,0.5648380589565271
L5,Pvalb_15,0.004019948477048,0.004611445138465742,-0.0005914966614177421,-0.1979959014184089,12,12,50.0,0.21449380778351745,0.5127073226877135,0.5147851386804418
L4,Vip_1,0.005369157102392825,0.006114945327475491,-0.0007457882250826659,-0.18761121555835314,12,12,50.0,0.21449380778351745,0.5127073226877135,0.4679257800152549
L2/3,Vip_21,0.041851569942690035,0.0371576562782104,0.004693913664479632,0.17161788139322243,12,12,94.0,0.21449380778351745,0.5127073226877135,0.5648380589565271
L5,L5/6 NP_6,0.0012383466081442418,0.0008928956234744334,0.00034545098466980833,0.47140143374983856,12,12,94.0,0.21449380778351745,0.5127073226877135,0.5147851386804418
L2/3,L2/3 IT_3,0.0018700532410628,0.0012793842004515832,0.0005906690406112167,0.5472738315458486,12,12,94.0,0.21449380778351745,0.5127073226877135,0.5648380589565271
L2/3,Pax6_4,0.0007786066109912001,0.0009475317444291751,-0.00016892513343797508,-0.2829497324270392,12,12,50.0,0.21449380778351745,0.5127073226877135,0.5648380589565271
L6,Micro-PVM_2,0.031059825952380788,0.037666490684319334,-0.006606664731938546,-0.2782237341000637,12,12,50.0,0.21449380778351745,0.5127073226877135,0.49893124853992105
L4,Vip_5,8.648255109867498e-05,2.942596108040193e-05,5.705659001827305e-05,1.52369245695413,12,12,90.5,0.21561285941879393,0.5127073226877135,0.4679257800152549
L4,Sst_25,0.00017456515659760834,0.000439637419496825,-0.0002650722628992167,-1.3275854658293453,12,12,50.5,0.22179565376174348,0.5243608230552201,0.4713157642437049
L6,L2/3 IT_8,0.005756650979736208,0.006975547066067317,-0.0012188960863311086,-0.27703283599086437,12,12,51.0,0.23658409332187624,0.5405748277578066,0.5358450619790059
L2/3,Sncg_3,0.004027320360968842,0.003229943970733442,0.0007973763902353998,0.3182226889887051,12,12,93.0,0.23658409332187624,0.5405748277578066,0.5648380589565271
L2/3,Sncg_6,0.001268011570889433,0.0010827855886053916,0.00018522598228404145,0.2276258553280784,12,12,93.0,0.23658409332187624,0.5405748277578066,0.5648380589565271
L2/3,Astro_4,0.05055990737335605,0.04215727058501814,0.008402636788337907,0.26220666855362845,12,12,93.0,0.23658409332187624,0.5405748277578066,0.5648380589565271
L2/3,Micro-PVM_2,0.028046423409922694,0.03550567449762499,-0.007459251087702297,-0.3402220029665488,12,12,51.0,0.23658409332187624,0.5405748277578066,0.5648380589565271
L4,L2/3 IT_5,0.0072026776090449085,0.005427317606097275,0.0017753600029476336,0.40822848275577683,12,12,93.0,0.23658409332187624,0.5405748277578066,0.49248117385370155
L2/3,Pvalb_3,0.00012838464320113734,0.00018606264915390833,-5.767800595277099e-05,-0.5318551315472304,12,12,51.5,0.23944222064461473,0.5440659346869302,0.5648380589565271
L6,Lamp5_3,0.00011159353848954073,5.1589291054975006e-05,6.0004247434565726e-05,1.0982830831092127,12,12,91.0,0.24434867488459278,0.5514465896642322,0.5358450619790059
L6,Chandelier_1,7.318085166808267e-05,2.8079204220463294e-05,4.5101647447619376e-05,1.3510590423707598,12,12,90.0,0.2453869909997317,0.5514465896642322,0.5358450619790059
L6,Vip_21,0.024171737480621125,0.02066182272366564,0.003509914756955484,0.2263435101591472,12,12,92.0,0.2602362026171888,0.5661521642044162,0.5569054736007841
L2/3,Lamp5_5,0.007404360182423492,0.008473409046310783,-0.001069048863887291,-0.1945428598661468,12,12,52.0,0.2602362026171888,0.5661521642044162,0.5985432660195343
L4,Micro-PVM_1,0.0017790908977692586,0.0023609642670171503,-0.0005818733692478917,-0.40803622687426344,12,12,52.0,0.2602362026171888,0.5661521642044162,0.510463320518332
L4,Lamp5_5,0.0011665932834423163,0.0008536728845983584,0.0003129203988439579,0.45009355970664805,12,12,92.0,0.2602362026171888,0.5661521642044162,0.510463320518332
L4,Sst_3,0.00158048660837135,0.0019938565283448167,-0.0004133699199734668,-0.3350036508829851,12,12,52.0,0.2602362026171888,0.5661521642044162,0.510463320518332
L5,Sst_3,0.001801061454033125,0.0021975563527335163,-0.0003964948987003913,-0.28690830086530306,12,12,52.0,0.2602362026171888,0.5661521642044162,0.6109893452751389
L2/3,Astro_3,0.00037261693840266665,3.9166794363049064e-05,0.0003334501440396176,3.2174846306691016,12,12,90.0,0.27078484122049384,0.5859841272972591,0.6076147656654984
L4,Pax6_3,0.00020213966391265833,0.0003617216912818305,-0.0001595820273691722,-0.836391063449059,12,12,53.0,0.2833732426869957,0.5999605933295373,0.5453598255485578
L6,L5/6 NP_4,0.00031488764273890124,0.00044178243987303334,-0.0001268947971341321,-0.48718650684173964,12,12,53.0,0.2850570563218616,0.5999605933295373,0.5588780797683334
L5,L2/3 IT_2,0.0034875692035079915,0.0042681899418909,-0.0007806207383829083,-0.29132689843640075,12,12,53.0,0.28547630885188247,0.5999605933295373,0.6423216949167356
L5,Pvalb_14,0.0011353962385839667,0.0010542168000671666,8.117943851680015e-05,0.10692652241921552,12,12,91.0,0.28547630885188247,0.5999605933295373,0.6423216949167356
L6,Vip_4,3.87487012267458e-05,1.1117040199216667e-05,2.7631661027529135e-05,1.713870383536394,12,12,84.5,0.28604478166078184,0.5999605933295373,0.5588780797683334
L6,Pax6_2,3.095305818128747e-05,9.393905234283333e-06,2.1559152947004137e-05,1.6202162055442573,12,12,84.5,0.28604478166078184,0.5999605933295373,0.5588780797683334
L6,L6 IT_1,0.00037574025046584165,0.0003371988311019333,3.8541419363908355e-05,0.15569850383793643,12,12,90.0,0.30635876648851046,0.6227152176982814,0.5588780797683334
L5,L2/3 IT_13,0.08144269654421694,0.08766332282806417,-0.00622062628384723,-0.1061867780123661,12,12,54.0,0.3123214216762161,0.6227152176982814,0.6613865400202225
L6,Sst_5,0.001764834549084325,0.002087292357427725,-0.0003224578083434002,-0.24197352578249692,12,12,54.0,0.3123214216762161,0.6227152176982814,0.5588780797683334
L5,OPC_1,0.004799946532236384,0.0025413669613166922,0.0022585795709196914,0.9171465871605007,12,12,90.0,0.3123214216762161,0.6227152176982814,0.6613865400202225
L6,L4 IT_1,0.02429146711749837,0.026508324269893715,-0.0022168571523953455,-0.12599087996226332,12,12,54.0,0.3123214216762161,0.6227152176982814,0.5588780797683334
L5,L5/6 NP_1,0.00045324657344268334,0.000578217267465475,-0.00012497069402279167,-0.3506289805943689,12,12,54.0,0.3123214216762161,0.6227152176982814,0.6613865400202225
L6,L5/6 NP_1,0.0007580700624926668,0.0009780576668260417,-0.00021998760433337495,-0.3671607843967716,12,12,54.0,0.3123214216762161,0.6227152176982814,0.5588780797683334
L6,VLMC_2,0.03822108099638902,0.03587086605042076,0.0023502149459682584,0.09155353172299577,12,12,89.0,0.3407786135629546,0.6227152176982814,0.5588780797683334
L2/3,Sncg_5,0.003110653126861825,0.003409502790982741,-0.00029884966412091615,-0.13230319912033536,12,12,55.0,0.3407786135629546,0.6227152176982814,0.6746366352310307
L6,Endo_1,0.07895656858713214,0.07211857760653967,0.0068379909805924705,0.1306866170976842,12,12,89.0,0.3407786135629546,0.6227152176982814,0.5588780797683334
L2/3,L2/3 IT_12,0.06166487255600809,0.0542957661756012,0.007369106380406887,0.1836060104364263,12,12,89.0,0.3407786135629546,0.6227152176982814,0.6746366352310307
L2/3,L2/3 IT_13,0.022905414913327888,0.019845307267443026,0.0030601076458848624,0.206881084729121,12,12,89.0,0.3407786135629546,0.6227152176982814,0.6746366352310307
L4,Vip_14,0.0003995497283701,0.0005140496126944417,-0.00011449988432434168,-0.36273004332369746,12,12,55.0,0.3407786135629546,0.6227152176982814,0.5817518811050192
L4,L2/3 IT_7,0.030207437690005598,0.025715098619469027,0.004492339070536571,0.2322797846748848,12,12,89.0,0.3407786135629546,0.6227152176982814,0.5817518811050192
L2/3,Pax6_3,0.0003834912656771173,0.0004908667340108298,-0.00010737546833371252,-0.3553166603628894,12,12,55.0,0.3407786135629546,0.6227152176982814,0.6746366352310307
L4,L4 IT_4,0.002212368349967258,0.0017793920821981165,0.00043297626776914156,0.31404857528502916,12,12,89.0,0.3407786135629546,0.6227152176982814,0.5817518811050192
L2/3,L6b_5,8.086186663315373e-06,2.354822059482799e-05,-1.5462033931512617e-05,-1.4338716039553154,12,12,59.0,0.34277835358531417,0.6227152176982814,0.6746366352310307
L2/3,Endo_3,6.8285644012208e-05,3.8809960587279506e-05,2.947568342492849e-05,0.7994270137348071,12,12,88.0,0.3466896494784587,0.6227152176982814,0.6746366352310307
L6,Lamp5_1,1.0404961085441668e-05,0.0,1.0404961085441668e-05,3.5115896189651985,12,12,78.0,0.3593173383295707,0.6227152176982814,0.5588780797683334
L4,Sst_23,0.0,8.997336788308334e-06,-8.997336788308334e-06,-3.321543823485246,12,12,66.0,0.3593173383295707,0.6227152176982814,0.5817518811050192
L4,Vip_23,0.0,7.836499279042066e-06,-7.836499279042066e-06,-3.1434749360141767,12,12,66.0,0.3593173383295707,0.6227152176982814,0.5817518811050192
L4,L2/3 IT_1,1.0488777008599999e-05,0.0,1.0488777008599999e-05,3.5221533247655805,12,12,78.0,0.3593173383295707,0.6227152176982814,0.5817518811050192
L6,Sst_12,8.215846725163494e-06,0.0,8.215846725163494e-06,3.204116722565232,12,12,78.0,0.3593173383295707,0.6227152176982814,0.5588780797683334
L6,Sst_22,1.0404961085441668e-05,0.0,1.0404961085441668e-05,3.5115896189651985,12,12,78.0,0.3593173383295707,0.6227152176982814,0.5588780797683334
L6,Lamp5_4,2.0809922170883336e-05,0.0,2.0809922170883336e-05,4.4469127165908775,12,12,78.0,0.3593173383295707,0.6227152176982814,0.5588780797683334
L5,Vip_23,0.0,1.1317850513824999e-05,-1.1317850513824999e-05,-3.6226786201085734,12,12,66.0,0.3593173383295707,0.6227152176982814,0.6788336948619642
L5,Vip_2,0.0,8.764549151583334e-06,-8.764549151583334e-06,-3.28755343358563,12,12,66.0,0.3593173383295707,0.6227152176982814,0.6788336948619642
L5,Vip_11,8.621284226491666e-06,0.0,8.621284226491666e-06,3.2662294744043843,12,12,78.0,0.3593173383295707,0.6227152176982814,0.6788336948619642
L4,L5/6 NP_2,1.8448822965091666e-05,0.0,1.8448822965091666e-05,4.281610941419735,12,12,78.0,0.3593173383295707,0.6227152176982814,0.5817518811050192
L6,Lamp5_6,1.1989545116649999e-05,0.0,1.1989545116649999e-05,3.699279004545835,12,12,78.0,0.3593173383295707,0.6227152176982814,0.5588780797683334
L5,Vip_5,0.0,8.764549151583334e-06,-8.764549151583334e-06,-3.28755343358563,12,12,66.0,0.3593173383295707,0.6227152176982814,0.6788336948619642
L6,Sncg_8,1.0404961085441668e-05,0.0,1.0404961085441668e-05,3.5115896189651985,12,12,78.0,0.3593173383295707,0.6227152176982814,0.5588780797683334
L2/3,L5/6 NP_2,0.0,7.039477389198626e-06,-7.039477389198626e-06,-3.0071017212404,12,12,66.0,0.3593173383295707,0.6227152176982814,0.6746366352310307
L4,Lamp5_1,1.4203738423949998e-05,0.0,1.4203738423949998e-05,3.9263542042503623,12,12,78.0,0.3593173383295707,0.6227152176982814,0.5817518811050192
L4,L5/6 NP_6,0.0,8.732404205525e-06,-8.732404205525e-06,-3.282796239429309,12,12,66.0,0.3593173383295707,0.6227152176982814,0.5817518811050192
L4,L2/3 IT_6,1.0142810775716666e-05,0.0,1.0142810775716666e-05,3.478041293516444,12,12,78.0,0.3593173383295707,0.6227152176982814,0.5817518811050192
L6,L5 IT_1,7.702498690575224e-06,0.0,7.702498690575224e-06,3.1214296918733164,12,12,78.0,0.3593173383295707,0.6227152176982814,0.5588780797683334
L6,Sncg_2,4.762993446121018e-06,0.0,4.762993446121018e-06,2.5268183790419516,12,12,78.0,0.3593173383295707,0.6227152176982814,0.5588780797683334
L5,L6 CT_1,0.0,6.700975662056395e-06,-6.700975662056395e-06,-2.9450412371894767,12,12,66.0,0.3593173383295707,0.6227152176982814,0.6788336948619642
L2/3,L5 ET_1,3.841839165245186e-06,0.0,3.841839165245186e-06,2.2755551571235135,12,12,78.0,0.3593173383295707,0.6227152176982814,0.6746366352310307
L5,L5 IT_5,8.137226182338963e-06,0.0,8.137226182338963e-06,3.191756268090991,12,12,78.0,0.3593173383295707,0.6227152176982814,0.6788336948619642
L6,Pvalb_3,0.00038671500609945746,0.00048277480368673836,-9.60597975872809e-05,-0.3193390576197101,12,12,56.0,0.36980179010165204,0.6241783223103969,0.5588780797683334
L6,Pvalb_2,0.0008044473429730917,0.0009638424549486666,-0.00015939511197557497,-0.26050311582642555,12,12,56.0,0.3708443333042212,0.6241783223103969,0.5588780797683334
L6,Sst_4,0.003962946516863566,0.004686829757278749,-0.0007238832404151832,-0.24198268071074408,12,12,56.0,0.3708443333042212,0.6241783223103969,0.5588780797683334
L4,Lamp5_Lhx6_1,0.001587710657470558,0.0019033083709252081,-0.0003155977134546501,-0.2614107188757952,12,12,56.0,0.3708443333042212,0.6241783223103969,0.5910331562036025
L5,L2/3 IT_8,0.0030151101234455087,0.0035424261054600756,-0.0005273159820145669,-0.23245585853323683,12,12,56.0,0.3708443333042212,0.6241783223103969,0.6788336948619642
L6,Pvalb_14,0.0004887332607013584,0.0005967484194810583,-0.00010801515877969993,-0.2875422288987879,12,12,56.0,0.3708443333042212,0.6241783223103969,0.5588780797683334
L5,L5 IT_6,0.04845961782889737,0.044785407045425635,0.003674210783471736,0.11375186620750972,12,12,88.0,0.3708443333042212,0.6241783223103969,0.6788336948619642
L6,L2/3 IT_3,0.00023259646428812128,0.00016374391580714165,6.885254848097963e-05,0.5037932520395745,12,12,87.5,0.38283158002209816,0.6417135911026154,0.5689302647550626
L5,Pvalb_3,0.00023551847919800633,0.00030801515713693326,-7.249667793892694e-05,-0.385724698004999,12,12,56.5,0.3854412887385442,0.6434509677308758,0.6937943197293795
L2/3,Vip_6,0.00021681045107977358,0.00025966226783974883,-4.2851816759975246e-05,-0.2591085809386079,12,12,57.0,0.4024015147136958,0.6584962557073578,0.7121221497681602
L2/3,Vip_1,0.011892684121471084,0.01091497276111545,0.0009777113603556334,0.12375496576666548,12,12,87.0,0.40250382378200356,0.6584962557073578,0.7121221497681602
L4,Sncg_5,0.00032497279848731666,0.00026028362410240603,6.468917438491064e-05,0.31913487376265287,12,12,87.0,0.40250382378200356,0.6584962557073578,0.6316213850117595
L2/3,Vip_4,0.0003695059247820416,0.00048566091595425494,-0.00011615499117221336,-0.39342030258130145,12,12,57.0,0.40250382378200356,0.6584962557073578,0.7121221497681602
L6,L6 IT Car3_3,0.00442557174350795,0.005511432763088009,-0.0010858610195800585,-0.3164993496525503,12,12,57.0,0.40250382378200356,0.6584962557073578,0.5899713581462244
L6,Sncg_5,0.00014639315224873768,0.00012004925506258335,2.6343897186154337e-05,0.28407529868041415,12,12,86.0,0.4233704816999597,0.6898746096226436,0.6121708316472391
L6,L6b_5,0.00213411145136105,0.0017841400836115585,0.00034997136774949137,0.25827408956641634,12,12,86.0,0.43573066003173655,0.6938181929654549,0.6134629029394186
L4,Pax6_1,0.0023692976559093163,0.00199324948994595,0.00037604816596336623,0.2492223315187929,12,12,86.0,0.43573066003173655,0.6938181929654549,0.6637138309818791
L2/3,OPC_2,0.002938392121653817,0.0033080439176835248,-0.0003696517960297078,-0.1708966085925489,12,12,58.0,0.43573066003173655,0.6938181929654549,0.7336398445662483
L5,Vip_1,0.0007634288427835334,0.0008837543013655563,-0.00012032545858202284,-0.21089465665232904,12,12,58.0,0.43573066003173655,0.6938181929654549,0.7714575620234024
L6,L5 IT_7,0.0029570980089743087,0.003985132255972042,-0.0010280342469977332,-0.43031972496151444,12,12,58.0,0.43573066003173655,0.6938181929654549,0.6134629029394186
L4,L5/6 NP_3,8.118201841605833e-05,0.00012604999190008218,-4.486797348402385e-05,-0.6285016143195451,12,12,58.5,0.4359688889782931,0.6938181929654549,0.6637138309818791
L2/3,Sst_4,7.582793393211328e-05,4.281055046504367e-05,3.301738346706961e-05,0.810352615255267,12,12,83.5,0.4492142303493084,0.709376912018792,0.7336398445662483
L2/3,Astro_1,5.937308210900893e-05,4.20498554336382e-05,1.732322667537073e-05,0.48789706122747406,12,12,83.5,0.4492142303493084,0.709376912018792,0.7336398445662483
L5,Sncg_5,0.0001549136522437578,0.00021368473479677321,-5.877108255301542e-05,-0.46147235165289713,12,12,58.5,0.45193540431896306,0.7109291552555995,0.7872423172007744
L2/3,Vip_5,0.00018262024640305373,8.643382505734263e-05,9.61864213457111e-05,1.070461721934478,12,12,85.0,0.46500068386887283,0.7159884902720876,0.7336398445662483
L4,Sst Chodl_1,0.00024021011542928335,0.0001753708651208644,6.483925030841895e-05,0.45167814927178235,12,12,85.0,0.46500068386887283,0.7159884902720876,0.6975010258033093
L5,Sst_7,0.00014738308315826395,0.00018576811848180464,-3.838503532354069e-05,-0.3319215837520398,12,12,59.0,0.46707746714643616,0.7159884902720876,0.7918767335293261
L6,Vip_16,0.00021170387570818746,0.0001312115438136633,8.049233189452417e-05,0.6859981724203654,12,12,85.0,0.46707746714643616,0.7159884902720876,0.6459876094132498
L5,L5/6 NP_2,4.721265874707139e-05,6.0722934626372334e-05,-1.3510275879300942e-05,-0.3563946655543051,12,12,60.0,0.4692602865358969,0.7159884902720876,0.7918767335293261
L2/3,Pax6_2,0.0009379014043540834,0.0010424136173914085,-0.00010451221303732505,-0.15226559587152044,12,12,59.0,0.47048642205878966,0.7159884902720876,0.7336398445662483
L2/3,Vip_14,0.0005116258175100083,0.00043155462360804157,8.007119390196672e-05,0.24502380947368171,12,12,85.0,0.47048642205878966,0.7159884902720876,0.7336398445662483
L2/3,Vip_12,0.00039370863893740775,0.00047396857837556664,-8.025993943815889e-05,-0.26704397921459416,12,12,59.0,0.47048642205878966,0.7159884902720876,0.7336398445662483
L6,Endo_3,9.772513628474287e-05,6.388865330055e-05,3.383648298419286e-05,0.6054512296186146,12,12,82.0,0.470906855460126,0.7159884902720876,0.6459876094132498
L2/3,Vip_11,9.326431920066441e-06,1.9138475924268235e-05,-9.812044004201794e-06,-0.963612657034621,12,12,63.0,0.4895503682760387,0.7388416997228776,0.7500857446041419
L5,Sncg_4,2.612042683433243e-05,1.2179827294754181e-05,1.3940599539578248e-05,1.0410484187364588,12,12,81.0,0.4895503682760387,0.7388416997228776,0.8134067657509566
L2/3,L4 IT_4,8.406484639206127e-05,3.536909674112139e-05,4.8695749650939876e-05,1.2258499562202894,12,12,83.5,0.4973394610962245,0.7478376455454259,0.7500857446041419
L6,Sst_1,0.001350999886670275,0.001446207419947467,-9.520753327719187e-05,-0.09817667921492663,12,12,60.0,0.5067205148778584,0.753631602127433,0.6705199803419406
L5,L5 IT_7,0.0026892114865139333,0.0029429582079864244,-0.00025374672147249113,-0.13003759892807754,12,12,60.0,0.5067205148778584,0.753631602127433,0.8291790243455864
L6,Oligo_4,0.23036726082660933,0.2428720525789898,-0.012504791752380479,-0.07626046594677799,12,12,60.0,0.5067205148778584,0.753631602127433,0.6705199803419406
L6,Pax6_3,8.854646643042449e-05,0.0001009237568176133,-1.2377290387188803e-05,-0.18678195148570162,12,12,83.0,0.5087699775215557,0.7539381188634648,0.6705199803419406
L6,Vip_14,9.939567430025e-06,3.548601830755e-05,-2.5546450877525002e-05,-1.7377880267319277,12,12,65.0,0.513856433533076,0.7559974148022592,0.6705199803419406
L4,L5 IT_7,2.19518143074e-05,8.735150244583334e-06,1.3216664062816666e-05,1.2373330514423166,12,12,79.0,0.513856433533076,0.7559974148022592,0.7596138582662861
L6,Lamp5_5,0.00017183742517238036,0.0001798566937981833,-8.01926862580295e-06,-0.06543135165357612,12,12,83.0,0.5393902014678562,0.7784873764173196,0.6852659483136148
L6,L2/3 IT_5,1.8782154974236603e-05,4.921737671129663e-05,-3.0435221737060028e-05,-1.3439870710951531,12,12,64.0,0.5420425425882311,0.7784873764173196,0.6852659483136148
L4,L2/3 IT_3,0.016123088915258422,0.016833926219883198,-0.0007108373046247757,-0.06223975450497035,12,12,61.0,0.5443701458566098,0.7784873764173196,0.7791051445705075
L2/3,Astro_5,0.022250830363508663,0.019354157776770294,0.002896672586738369,0.20120594433688943,12,12,83.0,0.5443701458566098,0.7784873764173196,0.7892012729940674
L2/3,VLMC_1,0.04034974511464941,0.036244554821375397,0.004105190293274011,0.15479124156675697,12,12,83.0,0.5443701458566098,0.7784873764173196,0.7892012729940674
L4,Lamp5_2,0.007389353536274443,0.006895258031158341,0.0004940955051161017,0.09982962551736427,12,12,83.0,0.5443701458566098,0.7784873764173196,0.7791051445705075
L6,Pvalb_5,0.0013951167480958414,0.0015767891330003,-0.0001816723849044587,-0.17648481644807304,12,12,61.0,0.5443701458566098,0.7784873764173196,0.6852659483136148
L5,Pvalb_5,0.0017940058829879915,0.0020155215941231918,-0.00022151571113520024,-0.167880282697156,12,12,61.0,0.5443701458566098,0.7784873764173196,0.8750407000540549
L2/3,L6 IT_2,7.854746055052559e-05,6.914420036261298e-05,9.403260187912615e-06,0.18149205073699726,12,12,61.5,0.5490095812132643,0.7810147160032784,0.7892012729940674
L4,Sst_1,0.00010500942015959167,0.00011388691227856423,-8.877492118972556e-06,-0.11602198740396912,12,12,62.0,0.5499565726380053,0.7810147160032784,0.7791051445705075
L5,L6b_6,0.0005679483717742417,0.00040946135887532325,0.00015848701289891844,0.4710513315740543,12,12,82.5,0.5636180676565299,0.7948958264535196,0.8750407000540549
L5,Pax6_4,0.00036271657354434994,0.00025076413065042434,0.0001119524428939256,0.530741912868417,12,12,82.5,0.5636180676565299,0.7948958264535196,0.8750407000540549
L5,Pvalb_7,1.7200138530615762e-05,8.246742536698004e-06,8.953395993917758e-06,0.9769323071786614,12,12,78.0,0.5806695263859756,0.8060622664912352,0.8750407000540549
L6,Astro_1,0.0008918562180554251,0.0005332538819269166,0.00035860233612850846,0.7409023826435136,12,12,62.0,0.5817137931590854,0.8060622664912352,0.709313294740787
L5,L4 IT_4,0.006171474460998767,0.00659490751650221,-0.00042343305550344296,-0.09572220825270708,12,12,62.0,0.5833604667027033,0.8060622664912352,0.8750407000540549
L6,OPC_2,0.004148037601895676,0.0036201935584892577,0.0005278440434064182,0.19631143893125555,12,12,82.0,0.5833604667027033,0.8060622664912352,0.709313294740787
L5,Lamp5_3,0.0007056439501554823,0.0008274560439260166,-0.00012181209377053431,-0.22944167189425646,12,12,62.0,0.5833604667027033,0.8060622664912352,0.8750407000540549
L6,L2/3 IT_13,0.013514017343021751,0.013876757036783408,-0.0003627396937616566,-0.038211051014485464,12,12,62.0,0.5833604667027033,0.8060622664912352,0.709313294740787
L5,Vip_14,0.000101443959883375,8.334671430139909e-05,1.809724558197591e-05,0.2804311502570847,12,12,81.0,0.6142096440486573,0.8445509858206517,0.9086937199623971
L6,Sncg_3,0.00031926109486164165,0.00036607539119111666,-4.681429632947501e-05,-0.19682784813873466,12,12,63.0,0.6220864754493118,0.8445509858206517,0.7479017176750153
L4,Chandelier_1,0.00023906724111275835,0.0003225731868445762,-8.350594573181786e-05,-0.430653511651251,12,12,63.0,0.6220864754493118,0.8445509858206517,0.8595634893021659
L2/3,VLMC_2,0.07696546552842855,0.07479134449673379,0.002174121031694759,0.04133938899848087,12,12,81.0,0.623604884395689,0.8445509858206517,0.8267636469376578
L4,Sncg_3,0.0008270208997333332,0.0007686231595126499,5.839774022068332e-05,0.1055149692896376,12,12,81.0,0.623604884395689,0.8445509858206517,0.8595634893021659
L2/3,Vip_19,0.0003615842510579583,0.00036162815455993745,-4.390350197915104e-08,-0.00017467810580645767,12,12,63.0,0.623604884395689,0.8445509858206517,0.8267636469376578
L2/3,L5 IT_6,6.408379869568251e-05,4.601559535557741e-05,1.80682033401051e-05,0.46915907133862894,12,12,80.0,0.6369501543351049,0.8526246605634167,0.8267636469376578
L2/3,Vip_15,4.676212797237561e-05,3.9184210283683454e-05,7.577917688692153e-06,0.24923838546595,12,12,80.0,0.6369501543351049,0.8526246605634167,0.8267636469376578
L2/3,L4 IT_3,4.1417760274747204e-05,1.8055979662648058e-05,2.3361780612099146e-05,1.154424667675248,12,12,79.0,0.6403592080734604,0.8526246605634167,0.8267636469376578
L2/3,Sst_23,3.124326540825175e-05,2.5026342356629507e-05,6.216923051622244e-06,0.3090252838296425,12,12,79.0,0.6403592080734604,0.8526246605634167,0.8267636469376578
L2/3,Chandelier_1,8.812123875327901e-05,5.29752886638762e-05,3.5145950089402805e-05,0.7234702318520662,12,12,80.0,0.6488668531146259,0.8526246605634167,0.8267636469376578
L2/3,L5/6 NP_3,7.612919504340729e-06,6.8261249453910005e-06,7.867945589497287e-07,0.13820420472668568,12,12,77.0,0.6512910450788394,0.8526246605634167,0.8267636469376578
L6,Sst_23,2.422854776838333e-05,2.4764735017333333e-05,-5.361872489500012e-07,-0.030340592067743213,12,12,77.0,0.6512910450788394,0.8526246605634167,0.7651139032786787
L6,Vip_12,1.4523071956821057e-05,1.8787810468566667e-05,-4.26473851174561e-06,-0.3501978966333582,12,12,77.0,0.6512910450788394,0.8526246605634167,0.7651139032786787
L5,Endo_3,1.5856608065155406e-05,1.062518594075e-05,5.231422124405405e-06,0.536060470461415,12,12,77.0,0.6512910450788394,0.8526246605634167,0.9505328766015493
L4,Sst_4,0.00027541464193951666,0.0002281610360800083,4.7253605859508345e-05,0.27047227305014043,12,12,80.0,0.6611090895883664,0.8526246605634167,0.8809164323948957
L6,L5/6 NP_6,0.0011577313817474084,0.0010729321374749585,8.479924427244991e-05,0.10964332682395576,12,12,80.0,0.6650055421020291,0.8526246605634167,0.7651139032786787
L6,L5 IT_6,0.0157850251251099,0.01788548017477879,-0.0021004550496688916,-0.18022156127719177,12,12,64.0,0.6650055421020291,0.8526246605634167,0.7651139032786787
L4,Sst_10,0.0021274910218386663,0.0018962080043155496,0.00023128301752311673,0.16595314444908624,12,12,80.0,0.6650055421020291,0.8526246605634167,0.8809164323948957
L2/3,Sncg_4,0.0006307698151572668,0.00072033149723245,-8.956168207518327e-05,-0.19126341173452446,12,12,64.0,0.6650055421020291,0.8526246605634167,0.8267636469376578
L2/3,Vip_16,0.0017876639500044086,0.0015883265784079335,0.0001993373715964751,0.17046675930479102,12,12,80.0,0.6650055421020291,0.8526246605634167,0.8267636469376578
L5,Sncg_3,0.0005030080971093417,0.00047833049280591663,2.4677604303425084e-05,0.07242619092178701,12,12,80.0,0.6650055421020291,0.8526246605634167,0.9526496300769108
L4,Vip_16,0.0006449712848935,0.0006071181134229846,3.785317147051543e-05,0.08711847247103635,12,12,80.0,0.6650055421020291,0.8526246605634167,0.8809164323948957
L4,Sst_5,8.048496233521667e-05,9.060438146558734e-05,-1.0119419130370672e-05,-0.16888276316313394,12,12,65.0,0.6752130023701057,0.8630066186542913,0.8829708492532152
L2/3,L4 IT_2,0.00017655078167950255,0.00020417337125915765,-2.7622589579655104e-05,-0.20861178876808073,12,12,64.5,0.6860413341329031,0.8741149709045402,0.8415440365363612
L5,Pax6_2,0.00011314231971383243,9.894078439391821e-05,1.4201535319914219e-05,0.19168834196145643,12,12,79.0,0.6998906645027011,0.8741651745925938,0.9526496300769108
L5,L5 ET_1,9.970283604478847e-05,8.088050490745086e-05,1.8822331137337606e-05,0.2985124101052801,12,12,79.0,0.6998906645027011,0.8741651745925938,0.9526496300769108
L2/3,Lamp5_Lhx6_1,0.0022976845347788587,0.0024537605987069665,-0.00015607606392810782,-0.09477384402409829,12,12,65.0,0.7074539677020747,0.8741651745925938,0.8452696756959853
L6,Micro-PVM_1,0.0015562070337746833,0.0014694665841948832,8.674044957980012e-05,0.08268676645574828,12,12,79.0,0.7074539677020747,0.8741651745925938,0.7968165741486526
L5,L4 IT_2,0.05822259370665103,0.061853801927796936,-0.003631208221145904,-0.08728171024395107,12,12,65.0,0.7074539677020747,0.8741651745925938,0.9526496300769108
L4,L2/3 IT_13,0.1396890277700848,0.13672668590325268,0.0029623418668321133,0.030923629977734398,12,12,79.0,0.7074539677020747,0.8741651745925938,0.9134215785520458
L5,L6b_3,0.000511801755663192,0.00046212246974109295,4.9679285922098995e-05,0.14700744596560433,12,12,79.0,0.7074539677020747,0.8741651745925938,0.9526496300769108
L6,Pvalb_15,0.0010889621915528335,0.0010532293897802,3.5732801772633436e-05,0.048089274721623554,12,12,79.0,0.7074539677020747,0.8741651745925938,0.7968165741486526
L2/3,Endo_1,0.17857222196668346,0.17394500806258162,0.00462721390410184,0.037876186139487386,12,12,79.0,0.7074539677020747,0.8741651745925938,0.8452696756959853
L5,L5/6 NP_3,0.009479521679085057,0.00948214385339329,-2.622174308233513e-06,-0.00039897327744628654,12,12,79.0,0.7074539677020747,0.8741651745925938,0.9526496300769108
L5,Vip_15,2.3150609878566117e-05,1.8809858738681393e-05,4.340751139884723e-06,0.28584102948249146,12,12,77.0,0.7144872225576832,0.8801966085123266,0.9526496300769108
L6,L4 IT_4,0.0004366635617940667,0.0004912705308264084,-5.4606969032341686e-05,-0.16962910131569262,12,12,65.5,0.7289778850121604,0.8949895892618337,0.8062192912318052
L6,Sncg_4,5.6514865671901216e-05,7.653499670066667e-05,-2.0020131028765455e-05,-0.4309127488743897,12,12,77.5,0.7308716939204216,0.8949895892618337,0.8062192912318052
L4,Vip_15,7.320438837738333e-05,0.00012419475951100874,-5.099037113362542e-05,-0.7545977601031211,12,12,66.0,0.7384446380870644,0.9015637521719682,0.9227090623745775
L4,L6 IT_2,0.0007428887928224,0.0006651216290301971,7.776716379220285e-05,0.15930133557090545,12,12,78.0,0.7508318840891169,0.9032065899777906,0.9227090623745775
L4,Pax6_4,0.00034143237320476664,0.00032550459800373334,1.59277752010333e-05,0.06871579041386688,12,12,78.0,0.7508318840891169,0.9032065899777906,0.9227090623745775
L6,Pvalb_8,0.01739365371933091,0.016835103164611273,0.0005585505547196362,0.04708570402253245,12,12,78.0,0.7508318840891169,0.9032065899777906,0.8197858326279134
L4,Pvalb_2,0.006865273315283526,0.00684143703175365,2.3836283529875962e-05,0.0050170325037254835,12,12,78.0,0.7508318840891169,0.9032065899777906,0.9227090623745775
L5,L2/3 IT_5,0.003145720262367708,0.003201407261952208,-5.568699958449991e-05,-0.025307860968931322,12,12,66.0,0.7508318840891169,0.9032065899777906,0.9869116617487094
L2/3,Oligo_3,3.0178381335858335e-05,1.423535480508677e-05,1.5943026530771564e-05,1.033122932396366,12,12,76.5,0.7614473059651696,0.9132901704978135,0.8981173352409694
L5,L5/6 NP_4,0.00020179992792948893,0.0001718202549117291,2.9979673017759814e-05,0.2307848252161982,12,12,77.5,0.7711301217294434,0.9221994730624046,0.9869116617487094
L5,Sst_9,0.00020007520965885538,0.0001680078760638649,3.206733359499049e-05,0.2506447441273902,12,12,77.0,0.7934700342614618,0.9316904823305828,0.9869116617487094
L2/3,Sst_10,0.00011598521265600668,0.0001316079622357474,-1.5622749579740733e-05,-0.18084122281190784,12,12,67.0,0.7941351991290153,0.9316904823305828,0.9029767879099988
L5,Vip_19,0.0018949002172750085,0.0019107646590534085,-1.5864441778400086e-05,-0.012021900383677151,12,12,67.0,0.7950121719642381,0.9316904823305828,0.9869116617487094
L5,OPC_2,0.0028133384844325916,0.002538601893689692,0.00027473659074289973,0.14819349516077687,12,12,77.0,0.7950121719642381,0.9316904823305828,0.9869116617487094
L2/3,Pvalb_6,0.0013259953295728002,0.001261127152101133,6.486817747166718e-05,0.07230603215214769,12,12,67.0,0.7950121719642381,0.9316904823305828,0.9029767879099988
L2/3,Sst_25,0.0016264936389778668,0.00213453301908065,-0.0005080393801027831,-0.3919443000836317,12,12,67.0,0.7950121719642381,0.9316904823305828,0.9029767879099988
L5,L5 IT_2,0.012863518785458265,0.012050404314007807,0.0008131144714504587,0.09419622296431361,12,12,77.0,0.7950121719642381,0.9316904823305828,0.9869116617487094
L6,Sst_2,9.230039927306349e-05,9.278318680306666e-05,-4.827875300031782e-07,-0.007446048433193277,12,12,76.0,0.8214987803896397,0.9599800033696076,0.8878825202191056
L2/3,L6b_3,0.0001145234105622627,0.00012518566809353898,-1.066225753127628e-05,-0.12736282110442693,12,12,68.0,0.8379014845448695,0.9621925175598359,0.940084592416195
L4,L5 ET_1,3.9865380509841665e-05,2.4113816493522744e-05,1.575156401631892e-05,0.7023978793625032,12,12,69.0,0.838945577582555,0.9621925175598359,0.9910772160458228
L5,L6 IT Car3_3,0.0002839675146948574,0.0003074932891862313,-2.352577449137391e-05,-0.1144416395902119,12,12,76.0,0.8395154461798402,0.9621925175598359,1.0
L6,L6b_6,0.026288703895908955,0.025758979998457356,0.0005297238974515985,0.029366419539172753,12,12,76.0,0.8398599725400034,0.9621925175598359,0.8897526441760433
L4,Vip_19,0.0013129340689061167,0.0011491773245090582,0.00016375674439705846,0.19203658465715392,12,12,76.0,0.8398599725400034,0.9621925175598359,0.9910772160458228
L5,L6 IT_2,0.0056863704181610505,0.005220068017848525,0.00046630240031252535,0.12341681638433065,12,12,76.0,0.8398599725400034,0.9621925175598359,1.0
L6,Lamp5_2,0.0018863741676106835,0.0019159605857381416,-2.958641812745807e-05,-0.022440212048984286,12,12,76.0,0.8398599725400034,0.9621925175598359,0.8897526441760433
L6,Sst_3,9.646163755519607e-05,8.891983780504166e-05,7.541799750154408e-06,0.11619502969933825,12,12,75.0,0.8749907503685159,0.9749608754345679,0.9107695081599286
L4,Sst_9,4.0395503635633335e-05,2.9718611305958845e-05,1.067689232967449e-05,0.4303610735075642,12,12,74.5,0.8793522670021793,0.9749608754345679,0.9910772160458228
L4,L5 ET_2,0.00014378851100999167,0.00010415475988374411,3.963375112624756e-05,0.4614329730221828,12,12,75.0,0.8821399911446584,0.9749608754345679,0.9910772160458228
L5,Sncg_6,0.00010817854616020717,0.00011514545636474166,-6.9669102045344925e-06,-0.08924332555377133,12,12,69.0,0.8821399911446584,0.9749608754345679,1.0
L6,L6 CT_2,0.0004979300552162384,0.00041607764769275,8.185240752348841e-05,0.25852158254729174,12,12,69.0,0.8849853455425606,0.9749608754345679,0.9107695081599286
L2/3,L2/3 IT_1,0.00029687012680902847,0.0003325515554683132,-3.5681428659284744e-05,-0.16322632517109703,12,12,69.0,0.8851346804304723,0.9749608754345679,0.967529129943696
L5,Sst Chodl_1,0.0002396066429399473,0.00019559343905314167,4.401320388680563e-05,0.29146129944731364,12,12,75.0,0.8851346804304723,0.9749608754345679,1.0
L5,L6 CT_3,0.00045222542579679176,0.0004583214927097842,-6.096066912992431e-06,-0.019275494015349316,12,12,75.0,0.8852091300753258,0.9749608754345679,1.0
L4,Sst_2,0.0015411652215360915,0.0016614388301094752,-0.0001202736085733837,-0.10834391900845404,12,12,69.0,0.8852339144732017,0.9749608754345679,0.9910772160458228
L4,Pvalb_6,0.004835592364969434,0.004821357337528501,1.4235027440932801e-05,0.004252391615457486,12,12,75.0,0.8852339144732017,0.9749608754345679,0.9910772160458228
L5,Micro-PVM_1,0.0013175755994139832,0.001292814291394875,2.4761308019108147e-05,0.02734973539534793,12,12,75.0,0.8852339144732017,0.9749608754345679,1.0
L4,Vip_9,0.0014900851649266751,0.00140182205096795,8.826311395872515e-05,0.08803064743424506,12,12,75.0,0.8852339144732017,0.9749608754345679,0.9910772160458228
L2/3,Sncg_2,0.0033678939267002086,0.0032219159204472246,0.00014597800625298397,0.06390845254240504,12,12,75.0,0.8852339144732017,0.9749608754345679,0.967529129943696
L6,Lamp5_Lhx6_1,0.004201169827918158,0.003994664856862324,0.00020650497105583355,0.07269888903440021,12,12,75.0,0.8852339144732017,0.9749608754345679,0.9107695081599286
L2/3,Sst_1,8.11446700227007e-06,1.1709736022957165e-05,-3.5952690206870953e-06,-0.479703868734002,12,12,70.0,0.8939127831001539,0.9749608754345679,0.967529129943696
L5,Sst_23,2.7185394447e-05,1.546552481363973e-05,1.1719869633360272e-05,0.7754992613654925,12,12,74.0,0.8939127831001539,0.9749608754345679,1.0
L4,L6 CT_3,2.1372204837608336e-05,1.5480356675238482e-05,5.8918481623698545e-06,0.4409599783548098,12,12,74.0,0.8939127831001539,0.9749608754345679,0.9910772160458228
L4,Sncg_4,2.9760528317783334e-05,1.5601585942160255e-05,1.4158942375623078e-05,0.8897592138930889,12,12,74.0,0.8939127831001539,0.9749608754345679,0.9910772160458228
L6,Pvalb_7,0.00023701083797153335,0.00020640609845900835,3.0604739512524995e-05,0.1985689540296599,12,12,74.5,0.9073681971194183,0.9870042356963885,0.9246514008740739
L5,L5 IT_3,9.592532006134166e-05,6.839846548653967e-05,2.752685457480199e-05,0.481969831159083,12,12,74.0,0.9206872740114499,0.9890230276437999,1.0
L5,Astro_1,0.00015718435610992228,7.255269368931322e-05,8.463166242060906e-05,1.1047568465029227,12,12,70.0,0.9206872740114499,0.9890230276437999,1.0
L5,Pvalb_6,0.010181295978668351,0.009901646634170926,0.00027964934449742525,0.04017684332524457,12,12,70.0,0.9309874465595671,0.9890230276437999,1.0
L4,OPC_1,0.001957695721963558,0.0018135461491086584,0.00014414957285489968,0.11028454712017992,12,12,70.0,0.9309874465595671,0.9890230276437999,0.9995865215692195
L4,L2/3 IT_12,0.0838364906254258,0.0827819909663474,0.0010544996590783895,0.018261161244260672,12,12,74.0,0.9309874465595671,0.9890230276437999,0.9995865215692195
L2/3,Pax6_1,0.006121693353485333,0.005905400982334133,0.00021629237115119992,0.051887125967766685,12,12,70.0,0.9309874465595671,0.9890230276437999,0.9822071404881083
L4,OPC_2,0.002833682854543308,0.002780841948847775,5.284090569553307e-05,0.02714687982134162,12,12,74.0,0.9309874465595671,0.9890230276437999,0.9995865215692195
L5,Pvalb_2,0.005600196955658133,0.005635774337329658,-3.5577381671524425e-05,-0.00913465290889673,12,12,74.0,0.9309874465595671,0.9890230276437999,1.0
L2/3,Vip_9,0.0061127417562466665,0.006325069796290901,-0.00021232804004423476,-0.049253859133301416,12,12,70.0,0.9309874465595671,0.9890230276437999,0.9822071404881083
L2/3,Sncg_8,1.8179409084957512e-05,2.458248041740971e-05,-6.403071332452199e-06,-0.4155978795363928,12,12,70.5,0.9395024822060166,0.9929108920471855,0.9822071404881083
L5,Pvalb_13,2.6801458318308333e-05,2.950598889755612e-05,-2.704530579247787e-06,-0.13393193743624823,12,12,70.5,0.9395024822060166,0.9929108920471855,1.0
L6,Pax6_4,0.00017546288238193773,0.00015929033582432996,1.6172546557607773e-05,0.13867730994784794,12,12,73.0,0.9763450805008289,1.0,0.9769702553219757
L4,Sncg_2,0.000131359784983125,0.00011991130986612661,1.1448475116998386e-05,0.13051565465279957,12,12,73.0,0.9766847482197133,1.0,1.0
L5,Endo_1,0.08388908468450267,0.0791252919360345,0.004763792748468165,0.08434315229357771,12,12,73.0,0.9769702553219757,1.0,1.0
L6,L6b_3,0.00272894701376685,0.0029039182911895496,-0.00017497127742269972,-0.08962463465420381,12,12,71.0,0.9769702553219757,1.0,0.9769702553219757
L4,Astro_5,0.01851215302717781,0.015444841176428319,0.0030673118507494896,0.261332183690269,12,12,73.0,0.9769702553219757,1.0,1.0
L5,Sst_4,0.002549148996411867,0.002443461330223475,0.00010568766618839192,0.06106495820654399,12,12,71.0,0.9769702553219757,1.0,1.0
L4,Pvalb_15,0.001151167263770675,0.0012504789848646668,-9.931172109399174e-05,-0.11928389255595467,12,12,73.0,0.9769702553219757,1.0,1.0
L5,Sst_10,0.01652556170978017,0.016520682816867974,4.878892912195398e-06,0.0004259684447027414,12,12,71.0,0.9769702553219757,1.0,1.0
L4,Sst_20,0.002739444211002792,0.0027029329395992004,3.651127140359136e-05,0.01935039340970288,12,12,72.0,1.0,1.0,1.0
L2/3,Lamp5_3,0.0026869961641777834,0.00275571272782375,-6.871656364596662e-05,-0.03641785510806095,12,12,72.0,1.0,1.0,1.0
L5,Sncg_2,1.556178026765833e-05,1.6045698148325e-05,-4.839178806666677e-07,-0.04154992968520333,12,12,71.5,1.0,1.0,1.0
L5,Astro_5,0.013861008864333254,0.013624696704784375,0.00023631215954887826,0.02480634691987243,12,12,72.0,1.0,1.0,1.0
L2/3,Pvalb_15,0.00020427507309727887,0.00017625925515912753,2.801581793815134e-05,0.21169749292981438,12,12,72.5,1.0,1.0,1.0
L2/3,Sst_19,5.011325595846613e-06,6.8261249453910005e-06,-1.8147993495443873e-06,-0.38061497936197414,12,12,71.5,1.0,1.0,1.0
L4,Vip_2,1.0142810775716666e-05,7.95772854596384e-06,2.1850822297528262e-06,0.31490834593475847,12,12,72.5,1.0,1.0,1.0
L5,Vip_9,0.0005497933705016564,0.0005170938305389168,3.2699539962739634e-05,0.08829779083027853,12,12,72.0,1.0,1.0,1.0
L2/3,L2/3 IT_6,8.88417635961274e-05,9.924156295903271e-05,-1.0399799362905316e-05,-0.158022661072277,12,12,72.0,1.0,1.0,1.0
L5,Lamp5_6,9.157509157508332e-06,8.022849074163216e-06,1.1346600833451164e-06,0.17089170622284602,12,12,72.5,1.0,1.0,1.0
L4,L6b_6,7.136786993611667e-05,6.926225375016394e-05,2.1056161859527337e-06,0.0425994546255716,12,12,71.5,1.0,1.0,1.0
L5,Vip_16,0.00015432872004457257,0.00012890927774248946,2.541944230208311e-05,0.2578201389668717,12,12,72.0,1.0,1.0,1.0
L4,L5/6 NP_1,1.0488777008599999e-05,7.1579911813548645e-06,3.3307858272451346e-06,0.4939393771622936,12,12,72.5,1.0,1.0,1.0
L5,Pvalb_12,6.154603643525356e-06,8.71961215165e-06,-2.5650085081246442e-06,-0.4420269005419523,12,12,71.5,1.0,1.0,1.0
